{
  "additionalFiles": "..\\..",
  "builtInLibrariesFolders": "C:\\Users\\USER\\AppData\\Local\\Arduino15\\libraries",
  "builtInToolsFolders": "",
  "compiler.optimization_flags": "",
  "customBuildProperties": "",
  "fqbn": "esp8266:esp8266:generic:xtal=80,vt=flash,exception=disabled,stacksmash=disabled,ssl=all,mmu=3232,non32xfer=fast,ResetMethod=nodemcu,CrystalFreq=26,FlashFreq=40,FlashMode=dout,eesz=512K64,led=2,sdk=nonosdk_190703,ip=lm2f,dbg=Disabled,lvl=None____,wipe=all,baud=256000",
  "hardwareFolders": "c:\\Users\\USER\\AppData\\Local\\Arduino15\\packages",
  "otherLibrariesFolders": "c:\\Users\\USER\\Documents\\Arduino\\libraries",
  "sketchLocation": "C:\\Users\\USER\\Documents\\Arduino\\UART_GatewayFDRS"
}